"ID","Description","Full_definition","recode","direction","Chapter","API","Group","Denominator","Measurement_Type","Population_base","WorldPop_raster","Denominator_used"
"FP_CUSM_W_MOD","Current use of any modern method of contraception (married women)","Percentage of currently married or in union women currently using any modern method of contraception.","IR",1,"Chapter 07 - Family Planning","FP_CUSM_W_MOD","Maternal Health","Currently married women","Percent","Women 15-49 (currently married/in union)","Women 15-49: F_15+F_20+F_25+F_30+F_35+F_40+F_45","Currently married/in-union women aged 15-49 (v501 %in% c(1,2))"
"RH_ANCN_W_N4P","Antenatal visits for pregnancy: 4+ visits, 2 years preceding the survey","Percentage of women who had a live birth in the two years preceding the survey who had 4+ antenatal care visits.","IR",1,"Chapter 09 - Maternal Health","RH_ANCN_W_N4P","Maternal Health","Women who had a live birth (or stillbirth) in the two (or three/five) years preceding the survey","Percent","Women 15-49 (with live birth in past 2 years)","Women 15-49: F_15+F_20+F_25+F_30+F_35+F_40+F_45","Women with a live birth in the past 24 months (child age < 24 months)"
"RH_DELA_C_SKP","Assistance during delivery from a skilled provider, 2 years preceding the survey","Percentage of live births in the two years preceding the survey assisted by a skilled provider. Skilled provider usually includes doctor, nurse, midwife and auxiliary nurse or midwife, unless specified otherwise for a specific survey.","BR",1,"Chapter 09 - Maternal Health","RH_DELA_C_SKP","Maternal Health","Live births (or stillbirths) in the two (or three/five) years preceding the survey","Percent","Women 15-49 (proxy for live births in past 2 years)","Women 15-49: F_15+F_20+F_25+F_30+F_35+F_40+F_45","Live births in the past 24 months (child age < 24 months)"
"RH_DELP_C_DHT","Place of delivery: Health facility, 2 years preceding the survey","Percentage of live births  in the two years preceding the survey delivered at a health facility.","BR",1,"Chapter 09 - Maternal Health","RH_DELP_C_DHF","Maternal Health","Live births (or stillbirths) in the two (or three/five) years preceding the survey","Percent","Women 15-49 (proxy for live births in past 2 years)","Women 15-49: F_15+F_20+F_25+F_30+F_35+F_40+F_45","Live births in the past 24 months (child age < 24 months)"
"RH_DELP_C_PUT","Place of delivery: Public facility, 2 years preceding the survey","Percentage of live births in the two  years preceding the survey delivered at a public facility.","BR",1,"Chapter 09 - Maternal Health","RH_DELP_C_PUB","Maternal Health","Live births (or stillbirths) in the two (or three/five) years preceding the survey","Percent","Women 15-49 (proxy for live births in past 2 years)","Women 15-49: F_15+F_20+F_25+F_30+F_35+F_40+F_45","Live births in the past 24 months (child age < 24 months)"
"RH_DELP_C_PRT","Place of delivery: Private facility, 2 years preceding the survey","Percentage of live births in the two  years preceding the survey delivered at a private facility.","BR",1,"Chapter 09 - Maternal Health","RH_DELP_C_PRV","Maternal Health","Live births (or stillbirths) in the two (or three/five) years preceding the survey","Percent","Women 15-49 (proxy for live births in past 2 years)","Women 15-49: F_15+F_20+F_25+F_30+F_35+F_40+F_45","Live births in the past 24 months (child age < 24 months)"
"RH_DELP_C_HOT","Place of delivery: At home, 2 years preceding the survey","Percentage of live births in the two  years preceding the survey delivered at home.","BR",-1,"Chapter 09 - Maternal Health","RH_DELP_C_HOM","Maternal Health","Live births (or stillbirths) in the two (or three/five) years preceding the survey","Percent","Women 15-49 (proxy for live births in past 2 years)","Women 15-49: F_15+F_20+F_25+F_30+F_35+F_40+F_45","Live births in the past 24 months (child age < 24 months)"
"RH_PCCT_C_DY2","Newborn postnatal check-up, 2 years preceding the survey","Percentage of last births in the two years preceding the survey who had their first postnatal checkup within the first two days after birth.","IR",1,"Chapter 10 - Child Health","RH_PCCT_C_DY2","Maternal Health","Last births in the two years preceding the survey","Percent","Women 15-49 (proxy for last births in past 2 years)","Women 15-49: F_15+F_20+F_25+F_30+F_35+F_40+F_45","Most recent live birth in the past 24 months (bidx_01==1 & child age < 24 months)"
"CH_VACC_C_MSL","Children 12–23 months who had received MCV1 vaccination","Percentage of children 12-23 months who had received Measles vaccination.","KR",1,"Chapter 10 - Child Health","CH_VACC_C_MSL","Child Health","Children age 12-23 months","Percent","Children 12-23 months","Children 1-4yr (closest to 12-23mo): F_1+M_1","Living children aged 12-23 months (b5==1 & age 12-23 months)"
"CH_VACC_C_DP3","Children 12–23 months who had received DPT3 vaccination","Percentage of children 12-23 months who had received DPT 3 vaccination.","KR",1,"Chapter 10 - Child Health","CH_VACC_C_DP3","Child Health","Children age 12-23 months","Percent","Children 12-23 months","Children 1-4yr (closest to 12-23mo): F_1+M_1","Living children aged 12-23 months (b5==1 & age 12-23 months)"
"CH_VACC_C_NON","Children 12–23 months with no vaccinations","Percentage of children 12-23 months who had received no vaccinations.","KR",-1,"Chapter 10 - Child Health","CH_VACC_C_NON","Child Health","Children age 12-23 months","Percent","Children 12-23 months","Children 1-4yr (closest to 12-23mo): F_1+M_1","Living children aged 12-23 months (b5==1 & age 12-23 months)"
"ML_NETC_C_ITN","Children under age 5 who slept under an insecticide-treated net (ITN)","Percentage of children under age 5 who slept under an insecticide treated net (ITN) the night before the survey.","PR",1,"Chapter 12 - Malaria","ML_NETC_C_ITN","Child Health","Children under age five","Percent","Children under 5 years","Children under 5: F_0+M_0+F_1+M_1","Children under 60 months (hc1 < 60)"
"CH_DIAT_C_ORT","Children under age 5 with diarrhea who were treated with either ORS or RHF in the two weeks preceding the survey","Percentage of children born in the five  years preceding the survey with diarrhea in the two weeks preceding the survey who received either oral rehydration solution (ORS) or recommended home fluids (RHF).","KR",-1,"Chapter 09 - Maternal Health","CH_DIAT_C_ORT","Child Health","Children under age five (or three) who had diarrhea in the two weeks preceding the survey","Percent","Children under 5 years","Children under 5: F_0+M_0+F_1+M_1","Living children under 5 with diarrhea in past 2 weeks (b5==1 & h11 %in% c(1,2))"
"ED_LITR_W_LIT","Women who are literate","Percentage of women who are literate.","IR",1,"Chapter 03 - Characteristics Of Respondents","ED_LITR_W_LIT","Social Determinants","Women interviewed","Percent","Women 15-49","Women 15-49: F_15+F_20+F_25+F_30+F_35+F_40+F_45","Women aged 15-49 (v012 <= 49)"
"CO_MOBB_W_MOB","Women who own a mobile phone","Percentage of women who own a mobile phone.","IR",1,"Chapter 15 - Women's Empowerment","CO_MOBB_W_MOB","Social Determinants","Women interviewed","Percent","Women 15-49","Women 15-49: F_15+F_20+F_25+F_30+F_35+F_40+F_45","All women interviewed (no age restriction applied in code)"
"ED_EDUC_W_SEH","Women with secondary or higher education","Percentage of women with secondary or higher education.","IR",1,"Chapter 03 - Characteristics Of Respondents","ED_EDUC_W_SEH","Social Determinants","Women interviewed","Percent","Women 15-49","Women 15-49: F_15+F_20+F_25+F_30+F_35+F_40+F_45","All women interviewed (no age restriction applied in code)"
"HC_WIXQ_P_12Q","Population in the lowest two wealth quintiles","Percentage of the de jure population in the lowest two wealth quintiles.","PR",-1,"Chapter 02 - Housing Characteristics And Household Population","HC_WIXQ_P_12Q","Social Determinants","De jure population","Percent","De jure (total) population","Total population: all age-sex groups combined","De jure household population (all PR file respondents, hv270)"
"CM_ECMR_C_NNF","Deaths per 1000 live births in the first month of life in the five years preceding the survey","Deaths per 1000 live births in the first month of life in the five years preceding the survey.","BR",-1,"Chapter 08 - Infant And Child Mortality","CM_ECMR_C_NNR","Health Outcomes","Per thousand children exposed in period in age group","Rate","Live births / children under 1 year (neonatal)","Children 0-1yr (neonatal proxy): F_0+M_0","All births in the 5 years preceding the survey (b3 >= v008 - 60)"
"CN_NUTS_C_HA2","Children under age 5 who are stunted (HAZ < -2)","Percentage of children under age 5 stunted (below -2 SD of height for age according to the WHO standard).","PR",-1,"Chapter 11 - Nutrition Of Children And Adults","CN_NUTS_C_HA2","Health Outcomes","Children under age five","Percent","Children under 5 years","Children under 5: F_0+M_0+F_1+M_1","Children under 5 sleeping in household with valid HAZ score (hv103==1 & hc70 < 9996)"
"CN_NUTS_C_WH2","Children under age 5 who are wasted (WHZ < -2)","Percentage of children under age 5 wasted (below -2 SD of weight for height according to the WHO standard).","PR",-1,"Chapter 11 - Nutrition Of Children And Adults","CN_NUTS_C_WH2","Health Outcomes","Children under age five","Percent","Children under 5 years","Children under 5: F_0+M_0+F_1+M_1","Children under 5 sleeping in household with valid WHZ score (hv103==1 & hc72 < 9996)"
